- "USE ParivedaTestDB;\n"
- "DROP TABLE IF EXISTS Child;\n"
- "DROP TABLE IF EXISTS Parent;\n"
- "DROP TABLE IF EXISTS Notes;\n"
- "DROP PROCEDURE IF EXISTS AddRowsToNotesTable;\n"
- "CREATE TABLE Parent ( id INT NOT NULL, name VARCHAR(100), PRIMARY KEY (id));\n"
- "CREATE TABLE Child ( id INT, name VARCHAR(100), parent_id INT, INDEX par_ind (parent_id), FOREIGN KEY (parent_id) REFERENCES Parent(id) ON DELETE CASCADE);\n"
- "CREATE TABLE Notes ( id INT, s1 VARCHAR(200), s2 VARCHAR(200));\n"
- "DELIMITER $$\n"
- "CREATE PROCEDURE AddRowsToNotesTable(rows int)\n"
- "BEGIN\n"
- "DECLARE i INT DEFAULT 1;\n"
- "WHILE i <= rows DO INSERT INTO Notes VALUES (i, 'Other acute myocarditis', 'Fracture of alveolus of maxilla, subs for fx w routn heal'), (i + 1, 'Drowning and submersion due to fall off merchant ship', 'Bursitis of shoulder'), (i + 2, 'Other specified arthritis, hand', 'Breakdown (mechanical) of int fix of unsp bone of limb, subs'), (i + 3, 'Unsp fracture of sacrum, init encntr for open fracture', 'Granulation of postmastoidectomy cavity, unspecified ear'), (i + 4, 'Laceration w fb of r idx fngr w/o damage to nail, sequela', 'Pre-existing essential htn comp pregnancy, third trimester'), (i + 5, 'Nondisp fx of mid 3rd of navic bone of l wrs, 7thD', 'Other and unspecified sprain of wrist');\n"
- "SET i = i + 5;\n"
- "END WHILE;\n"
- "END$$\n"
- "DELIMITER ;\n"
- "INSERT INTO Parent VALUES (1, 'Parent1'), (2, 'Parent2'), (3, 'Parent3');\n"
- "INSERT INTO Child VALUES (1, 'Child1', 1), (2, 'Child2', 1), (3, 'Child3', 1), (4, 'Child4', 2), (5, 'Child5', 2), (6, 'Child6', 2), (7, 'Child7', 2), (8, 'Child8', 3), (9, 'Child9', 3), (10, 'Child10', 3);\n"
- "CALL AddRowsToNotesTable(1000);\n"